,Diazinon,Parathion_ethyl,Interferent
Mixture_1,0.6182894,0.42829335,0.5528771
Mixture_2,0.6442295,0.22851248,0.0
