,Tryptophan,Tyrosine,Phenylalanine
Sample_1,2.715018e-06,2.2714416e-06,0.0
Sample_2,0.0,1.2392535e-05,8.0921236e-05
Sample_3,3.7352038e-08,0.0,0.0008536962
Sample_4,1.5196925e-06,6.159623e-06,0.00040180836
Sample_5,8.409843e-07,4.7482813e-06,0.00033882944
