,Tryptophan,Tyrosine,Phenylalanine
Sample_1,2.6757505e-06,4.004552e-13,2.9154883e-11
Sample_2,9.83479e-14,1.3233952e-05,2.9154883e-11
Sample_3,9.83479e-14,4.004552e-13,0.00089706865
Sample_4,1.5709562e-06,5.521101e-06,0.00035753206
Sample_5,8.7765557e-07,4.4948433e-06,0.00030269654
