scenario,desc,raw_r2_A,raw_r2_B,raw_r2_C,raw_time,int_r2_A,int_r2_B,int_r2_C,int_time,petn_r2_A,petn_r2_B,petn_r2_C,petn_time
S1,"Ideal System (Noise=0.005, No Scatter, No IFE)",0.9999988776760654,0.9999898543918836,0.9999911062338636,0.17720580101013184,0.9999988776760654,0.9999898543918836,0.9999911062338636,0.17720580101013184,0.9999994471425867,0.9999988967212685,0.999999055874654,40.73430395126343
S2,"Scattered System (Noise=0.005, Scatter=True, No IFE)",0.064166600048374,0.0,0.0,0.03571009635925293,0.9864777429218972,0.9230638743289488,0.9371277170423208,0.10368204116821289,0.9992645105743234,0.9876320833557534,0.9871208683361031,39.37404942512512
S3,"IFE Attenuated System (Noise=0.005, No Scatter, IFE=True)",0.9577632500308714,0.9783471181702961,0.9979608866202415,0.22723174095153809,0.9577632500308714,0.9783471181702961,0.9979608866202415,0.22723174095153809,0.9989200789983276,0.9989352190506963,0.9999766925890906,39.997514486312866
S4,"Fully Corrupted System (Noise=0.005, Scatter=True, IFE=True)",0.0315856782383398,0.0,0.0,0.05346274375915527,0.3535271758640362,0.0,0.13437024706117526,0.13742828369140625,0.9895787546481692,0.9487212899525206,0.9546461245577263,39.966192960739136
