scenario,desc,raw_r2_A_mean,raw_r2_A_std,raw_r2_B_mean,raw_r2_B_std,raw_r2_C_mean,raw_r2_C_std,raw_time_mean,int_r2_A_mean,int_r2_A_std,int_r2_B_mean,int_r2_B_std,int_r2_C_mean,int_r2_C_std,int_time_mean,petn_r2_A_mean,petn_r2_A_std,petn_r2_B_mean,petn_r2_B_std,petn_r2_C_mean,petn_r2_C_std,petn_time_mean
S1,"Ideal System (Noise=0.005, No Scatter, No IFE)",0.9999107281871513,0.00011881099801388038,0.9996789862446501,0.0004050501448042526,0.9997139533305679,0.00035411112403481155,0.16350910663604737,0.9999107281871513,0.00011881099801388038,0.9996789862446501,0.0004050501448042526,0.9997139533305679,0.00035411112403481155,0.16350910663604737,0.999999076123624,5.462075304836549e-07,0.999997690300271,9.125337698989913e-07,0.9999972251173981,5.977201735140791e-07,27.326321005821228
S2,"Scattered System (Noise=0.005, Scatter=True, No IFE)",0.07984805679048024,0.03173208641152415,0.0,0.0,0.0,0.0,0.06508116722106934,0.9829138622119835,0.007009643856131581,0.921755083016952,0.03945099122209828,0.9221823371281923,0.01656028292135865,0.08579943180084229,0.9991217350531377,0.0002268740019890529,0.9877853389221232,0.004097322982531464,0.9859832870097349,0.002037760322669059,27.389572405815123
S3,"IFE Attenuated System (Noise=0.005, No Scatter, IFE=True)",0.9526898352654424,0.007504450617705817,0.9803053969387092,0.0035359010132682478,0.9982401053911121,0.0005476318940699864,0.16579771041870117,0.9526898352654424,0.007504450617705817,0.9803053969387092,0.0035359010132682478,0.9982401053911121,0.0005476318940699864,0.16579771041870117,0.9983510888830823,0.0020465746821338128,0.9990587827047378,0.0011071097436288872,0.9999722914834097,2.9087335046310948e-05,31.532319021224975
S4,"Fully Corrupted System (Noise=0.005, Scatter=True, IFE=True)",0.03396135016712462,0.01399478512770868,0.0,0.0,0.0,0.0,0.07655158042907714,0.6392157190089003,0.16679007581268704,0.25886219631464946,0.31743841381430926,0.3855921302679396,0.24589451407224758,0.12727959156036378,0.9865622542587144,0.006829506529069807,0.946974040791104,0.016214067672146622,0.9472975501241423,0.010233486316919617,29.593173789978028
