scenario,desc,parafac_r2_A,parafac_r2_B,parafac_r2_C,parafac_time,petn_r2_A,petn_r2_B,petn_r2_C,petn_time
S1,"Ideal System (Noise=0.005, No Scatter, No IFE)",0.9999017578009785,0.9996930093114029,0.9997393185201849,0.22814226150512695,0.9999994471425867,0.9999988967212685,0.999999055874654,40.97400164604187
S2,"Scattered System (Noise=0.005, Scatter=True, No IFE)",0.064166600048374,0.0,0.0,0.03354930877685547,0.9992645105743234,0.9876320833557534,0.9871208683361031,38.96701407432556
S3,"IFE Attenuated System (Noise=0.005, No Scatter, IFE=True)",0.9577632500308714,0.9783471181702961,0.9979608866202415,0.22870492935180664,0.9989200789983276,0.9989352190506963,0.9999766925890906,39.67774677276611
S4,"Fully Corrupted System (Noise=0.005, Scatter=True, IFE=True)",0.0315856782383398,0.0,0.0,0.044995784759521484,0.9895787546481692,0.9487212899525206,0.9546461245577263,39.9912052154541
