,Azinphos_ethyl,Fenitrothion,Interferent
Mixture,0.38565052,0.045026977,0.22840671
Standard_1,0.21376364,0.0,0.0
Standard_2,0.0,0.15910575,0.0
