,Component_1,Component_2,Component_3
119,2086.0046,5757.2563,1306.667
122,4589.746,1406.7128,3496.0442
121,7552.2954,64.14065,246.78616
458,19451.951,638.224,589.40686
