,Component_1,Component_2
119,68.11458,15195.446
122,10526.719,315.49832
121,7831.612,0.0
458,19300.484,761.76965
