,Component_1,Component_2,Component_3,Component_4
119,615.3922,12088.235,1430.9667,18.6276
122,3069.8528,1198.4752,7904.4414,2.4612179
121,7571.7583,228.27448,94.51074,435.34244
458,18670.48,766.63226,912.8704,219.44827
