,Component_1,Component_2,Component_3,Component_4
119,3530.9194,4805.1245,5582.026,5541.939
122,3131.504,1203.2554,8351.681,258.84033
121,4301.951,898.29816,2794.2593,23445.723
458,18453.537,263.8547,534.9169,2149.2498
