,Component_1,Component_2,Component_3
119,962.73114,9240.85,1712.0563
122,2881.3494,1866.7925,6921.787
121,6413.439,432.52783,487.67273
458,17330.262,762.29706,675.23193
