,Component_1,Component_2,Component_3
119,443.73236,14286.8,1077.4547
122,3495.6804,1793.9967,7893.414
121,7796.4854,311.48804,0.0
458,19528.896,1391.6765,470.20856
